MD5,SHA1,FileNames
"9e9731d67c3f6e8bdc78e654ea453ff3","38a42afb4b6a583305c981cb43292e54dc604789","Materiale\C:\Users\stefa\Desktop\Materiale\Rapinatori in azione -immagini videosorveglianza-.mp4"
"95e6422a20142752e0e14c72579e4ac2","0bbf3349f590477008b5ea738c5a4bdf8b723553","Materiale\C:\Users\stefa\Desktop\Materiale\traffico-rete.pcapng"
"9e9731d67c3f6e8bdc78e654ea453ff3","38a42afb4b6a583305c981cb43292e54dc604789","Materiale\C:\Users\stefa\Desktop\Materiale\video-copia-master.mp4"
"9e9731d67c3f6e8bdc78e654ea453ff3","38a42afb4b6a583305c981cb43292e54dc604789","Materiale\C:\Users\stefa\Desktop\Materiale\video-copia-slave.mp4"
"f8ad570aa51fb547165e5b13040e318c","fdc88048880a2b1b14d15872a4e5bb1f3fa223e8","Materiale\C:\Users\stefa\Desktop\Materiale\2024-06-22 15-49-10.mkv"
"d9a5e3d13e102d1aa2463e4fb61dd2e8","baa4573a1d972ebbefe759edfe8eabfc7f8cd012","Materiale\C:\Users\stefa\Desktop\Materiale\video-copia-slave.afp"
"4ca4cc409bdd19f2c47b7581b6fcf9e0","ead67cbca4fdc9f640d13968a09b574d040b55e7","Materiale\C:\Users\stefa\Desktop\Materiale\informazioni-avanzate-filmato.txt"

"f5e5c2d5082935795019ce9f566ab148","04e4b1fa4c6689eae699f4f59d0c06945a3b68ce","Materiale\C:\Users\stefa\Desktop\Materiale\Foto Apparati Hardware\foto_chiavetta_USB.png"
"1dd314584db46a3cfa77dcaf36fc6ac2","ff91cb2dad1ad19192f20996c763aa1872dea9c5","Materiale\C:\Users\stefa\Desktop\Materiale\Foto Apparati Hardware\foto_monitor.png"
"5d369c486394a7169b6025bbcb39bf3f","bd2d2e5512350088e173e64bfd6bc02954576142","Materiale\C:\Users\stefa\Desktop\Materiale\Foto Apparati Hardware\foto_mouse.jpg"
"0c952d1c817fc455585b07ee68c66941","5afe33804721abe1758a3715e9eaf1e0afed5539","Materiale\C:\Users\stefa\Desktop\Materiale\Foto Apparati Hardware\foto_pc_portatile.jpg"
"151d99a5c61abd394b077c4c0f9ed4c1","ec03eebe620520c847e943b3043114cb666d9c6b","Materiale\C:\Users\stefa\Desktop\Materiale\Foto Apparati Hardware\foto_tastiera.jpg"

"7395df698c5eceec91395cc09548a8a5","ff643cb6d5a0f2f91a637679ea6150552dd0bb09","Materiale\C:\Users\stefa\Desktop\Materiale\Foto Loghi Strumenti Software\logo_4k_video_donwloader.png"
"96597c7f5de92579b839a9e761af7456","0998eadc40228e62a66094ea2e1a899e50175782","Materiale\C:\Users\stefa\Desktop\Materiale\Foto Loghi Strumenti Software\logo_amped_five.png"
"73a135d2490bd9b7fc300685e94e0112","c9fd708b5253d9ede48ec83741f67e754ac564c1","Materiale\C:\Users\stefa\Desktop\Materiale\Foto Loghi Strumenti Software\logo_ftk_imager.png"
"7c531ca3fa3c5a33cff76c7896dcf795","5acb31c7f740cf87d649e361b6e7947eeaf087cd","Materiale\C:\Users\stefa\Desktop\Materiale\Foto Loghi Strumenti Software\logo_google_chrome.png"
"5fc6f140ca6a0e84bab017e12c5da3a2","f6e503b69d5e156457e69f761d6f5a4d5212ae14","Materiale\C:\Users\stefa\Desktop\Materiale\Foto Loghi Strumenti Software\logo_microsoft_edge.png"
"45e8ddeeb466d538b0f33f18383641ca","75bf6084881e0e4705f84582b5e925b9c7938f9d","Materiale\C:\Users\stefa\Desktop\Materiale\Foto Loghi Strumenti Software\logo_microsoft_teams.png"
"42d37de773b537dca45eac0a5cad2ca0","4943d62af1c2cb5b970aa438001245a6e0bef842","Materiale\C:\Users\stefa\Desktop\Materiale\Foto Loghi Strumenti Software\logo_OBS_studio.png"
"00cd0b3abd444201e41db41ca4771db9","9227b522b18b4094b3aa24321c4e4526c4468926","Materiale\C:\Users\stefa\Desktop\Materiale\Foto Loghi Strumenti Software\logo_powershell.webp"
"005f4afdfe909175f3458c6c971ad6b9","d94bc61eb54b2f804a494669f66b53930e7875f5","Materiale\C:\Users\stefa\Desktop\Materiale\Foto Loghi Strumenti Software\logo_wireshark.png"

"6109810c4008391750dbfebdc70b9360","dee4cc7fe008639c9bba9525ab01cb710098090b","Materiale\C:\Users\stefa\Desktop\Materiale\Fotogrammi (non filtrati)\Carica Filmato, fotogramma 78.jpg"
"2a432b8577120d5fb9e053df9e120ea9","c59f5a09e7c713ffe3d09df4115de7c412600af6","Materiale\C:\Users\stefa\Desktop\Materiale\Fotogrammi (non filtrati)\Carica Filmato, fotogramma 118.jpg"
"62ef0fbf3662007d0e5c0ec82935ecb8","293b5bc88f85beaa71ec2fda918ff29b88142df4","Materiale\C:\Users\stefa\Desktop\Materiale\Fotogrammi (non filtrati)\Carica Filmato, fotogramma 200.jpg"
"11b359a87e5ed924c8cb91458bf29487","310fe449be8042f5025e5757a00dd204b6aaee7c","Materiale\C:\Users\stefa\Desktop\Materiale\Fotogrammi (non filtrati)\Carica Filmato, fotogramma 256.jpg"
"f494248f49304840923c1c2dc77a15a0","700c032f3459eb27cff565328f838779a195fd82","Materiale\C:\Users\stefa\Desktop\Materiale\Fotogrammi (non filtrati)\Carica Filmato, fotogramma 265.jpg"
"824a26a67fe696e0409f42c29c2d0016","a4d9437ad47fb56a2ad3666f9d78d3e22d4bc6f4","Materiale\C:\Users\stefa\Desktop\Materiale\Fotogrammi (non filtrati)\Carica Filmato, fotogramma 279.jpg"
"62eeab1774bd5a5c4d667d87e134df45","06fd0447b34f14a11170b95d5f177441671ea776","Materiale\C:\Users\stefa\Desktop\Materiale\Fotogrammi (non filtrati)\Carica Filmato, fotogramma 323.jpg"
"a875efcca33be480ff24b87644553141","e366e1f7bfe713870dea464ec462dd02610e1495","Materiale\C:\Users\stefa\Desktop\Materiale\Fotogrammi (non filtrati)\Carica Filmato, fotogramma 398.jpg"
"ad82bb4b8859673c8b7767cc8137065b","19af6e713026c077c607c88c893d8a2ddb4f4f73","Materiale\C:\Users\stefa\Desktop\Materiale\Fotogrammi (non filtrati)\Carica Filmato, fotogramma 447.jpg"
"c33b671782ef39a9581821bf47ba324e","c3d6fa410061d1d7996051f5acbfa5de1327214a","Materiale\C:\Users\stefa\Desktop\Materiale\Fotogrammi (non filtrati)\Carica Filmato, fotogramma 498.jpg"
"91e808baec18f44ecf5a680a792f84fb","dcc35c4108b0ba18f4274c0258dd8b87087804e8","Materiale\C:\Users\stefa\Desktop\Materiale\Fotogrammi (non filtrati)\Carica Filmato, fotogramma 600.jpg"
"919d7d052ec39ad18e44eac4b0d7f6e4","203bb9e4a6f8a218a1a7afc7a138a00d6bc551ba","Materiale\C:\Users\stefa\Desktop\Materiale\Fotogrammi (non filtrati)\Carica Filmato, fotogramma 628.jpg"
"b096a87005c203d4653f8a3dbd2cd137","a46897fd4b3c52b2aabfeafe4db1023f29e346fe","Materiale\C:\Users\stefa\Desktop\Materiale\Fotogrammi (non filtrati)\Carica Filmato, fotogramma 660.jpg"
"5589b9ee906bc41e117fdd22c7c74751","c5a5abbdaed93235c5d3ee6cb82cfa6d9fc3d96a","Materiale\C:\Users\stefa\Desktop\Materiale\Fotogrammi (non filtrati)\Carica Filmato, fotogramma 708.jpg"
"5b54e7d6172abca8511c4c30e86470d9","06140931da63523462f976d223723d8975e9c8ef","Materiale\C:\Users\stefa\Desktop\Materiale\Fotogrammi (non filtrati)\Carica Filmato, fotogramma 861.jpg"
"60ca5b8a88d17229f7eb1a2a61919e7d","a2d4d5ca5d39a1bb209b47338f79a08e8eedc416","Materiale\C:\Users\stefa\Desktop\Materiale\Fotogrammi (non filtrati)\Carica Filmato, fotogramma 891.jpg"
"7646fbe3f73ad130ede8333fbc1ebeec","e0110df61b96bfbaaefc1077a2c623375798461a","Materiale\C:\Users\stefa\Desktop\Materiale\Fotogrammi (non filtrati)\Carica Filmato, fotogramma 1120.jpg"
"77c2b3f67c9813f9fdedf8368cb7c9c7","c6e70ab1e404ea39fcddca213b3f478704c58a9b","Materiale\C:\Users\stefa\Desktop\Materiale\Fotogrammi (non filtrati)\Carica Filmato, fotogramma 1219.jpg"
"5ea5a7adfb1e908a5211f117ec2138a9","d1c4a4f92ffe2a3ad0766187a492b27ed074c92b","Materiale\C:\Users\stefa\Desktop\Materiale\Fotogrammi (non filtrati)\Carica Filmato, fotogramma 1289.jpg"
"d83fc929b7d5b4aac0e1f7901b99d4cd","8dd4380decfba1b51d92454e92a6cc45e378e380","Materiale\C:\Users\stefa\Desktop\Materiale\Fotogrammi (non filtrati)\Carica Filmato, fotogramma 1317.jpg"
"418e34e42e1fd66e4e363ce207b2b95b","c0ffe2dc2743546d0de3e23c5a8c6ef4a3c60e16","Materiale\C:\Users\stefa\Desktop\Materiale\Fotogrammi (non filtrati)\Carica Filmato, fotogramma 1406.jpg"
"c9775808407c007123ec3364ec8a5cd2","ee2ee08b682b4b7ea162ec2bb4638ef855f0d5a5","Materiale\C:\Users\stefa\Desktop\Materiale\Fotogrammi (non filtrati)\Carica Filmato, fotogramma 1562.jpg"
"03fbc8c30922d7699ebc55cc7ebf3274","562dea81f867876627d12d717d5de5f4975c9c5e","Materiale\C:\Users\stefa\Desktop\Materiale\Fotogrammi (non filtrati)\Carica Filmato, fotogramma 1588.jpg"

"c3b7a9b3cc5ce965abeefc344a261917","c2e54cb725de0387eccd44d73608f116ba25fa22","Materiale\C:\Users\stefa\Desktop\Materiale\Fotogrammi (filtrati)\frame 1045 - estrapolazione altezza (filtrato).jpg"
"73b21d5c0630bfb85e857598150049d7","16049f1323a2ec33d5937932394575bfc6ea8716","Materiale\C:\Users\stefa\Desktop\Materiale\Fotogrammi (filtrati)\frame 1045 - estrapolazione altezza (non filtrato).jpg"
"b5f56c2e4b7b14d61136ff1774f30e54","8aed3dae3affa0fec61c2cb9d1a45ec75bd979b7","Materiale\C:\Users\stefa\Desktop\Materiale\Fotogrammi (filtrati)\frame 1045 - estrapolazione altezza.afp"
"09140c99101fd834a6e78f192d38f6ec","77e79ba17b3aed67e7ac9a1d7880aa2a14f663b5","Materiale\C:\Users\stefa\Desktop\Materiale\Fotogrammi (filtrati)\frame 428 - miglioramento volto (filtrato).jpg"
"265f43dc4c09b1c6b65db3347ed917b8","38d3733eeef3da7ebaffdcf9a61334fb1fec1cdf","Materiale\C:\Users\stefa\Desktop\Materiale\Fotogrammi (filtrati)\frame 428 - miglioramento volto (non filtrato).jpg"
"39ca6079600d08d2258b8d2ef8d5118c","0f0756bb582d473d591635a876a6a137deefa794","Materiale\C:\Users\stefa\Desktop\Materiale\Fotogrammi (filtrati)\frame 428 - miglioramento volto.afp"
"3eff6bcf4e1af7129ed6e64df70471b0","2f367ab46503594c22060e450bd8a421b66bab7c","Materiale\C:\Users\stefa\Desktop\Materiale\Fotogrammi (filtrati)\frame 838 - estrazione marca casco (filtrato).jpg"
"d9c33ab27fff8b19a9caadf2b80d0a31","18a48b08d846d2c097216bc58b3f6211172d2aa5","Materiale\C:\Users\stefa\Desktop\Materiale\Fotogrammi (filtrati)\frame 838 - estrazione marca casco (non filtrato).jpg"
"930a62c0bc330a04dc762bcbe673bbc2","bdc32722f796b1d0c3d6f7f844039c38a65d1880","Materiale\C:\Users\stefa\Desktop\Materiale\Fotogrammi (filtrati)\frame 838 - estrazione marca casco.afp"

"994d0e8cd86274b44b6d58825f783e4c","5080ffc16a4893b056d8c5ab73f4a787be3d601f","Materiale\C:\Users\stefa\Desktop\Materiale\report-video-copia-slave\logo_five.png"
"cce6ab4c8fd606f200982bc6f899be9c","e00a38f32653b01d8750754f7cf87334c2bc4b5d","Materiale\C:\Users\stefa\Desktop\Materiale\report-video-copia-slave\video-copia-slave.pdf"
"6109810c4008391750dbfebdc70b9360","dee4cc7fe008639c9bba9525ab01cb710098090b","Materiale\C:\Users\stefa\Desktop\Materiale\report-video-copia-slave\video-copia-slave-bookmark5-5-78.jpg"
"2a432b8577120d5fb9e053df9e120ea9","c59f5a09e7c713ffe3d09df4115de7c412600af6","Materiale\C:\Users\stefa\Desktop\Materiale\report-video-copia-slave\video-copia-slave-bookmark5-5-118.jpg"
"62ef0fbf3662007d0e5c0ec82935ecb8","293b5bc88f85beaa71ec2fda918ff29b88142df4","Materiale\C:\Users\stefa\Desktop\Materiale\report-video-copia-slave\video-copia-slave-bookmark5-5-200.jpg"
"11b359a87e5ed924c8cb91458bf29487","310fe449be8042f5025e5757a00dd204b6aaee7c","Materiale\C:\Users\stefa\Desktop\Materiale\report-video-copia-slave\video-copia-slave-bookmark5-5-256.jpg"
"f494248f49304840923c1c2dc77a15a0","700c032f3459eb27cff565328f838779a195fd82","Materiale\C:\Users\stefa\Desktop\Materiale\report-video-copia-slave\video-copia-slave-bookmark5-5-265.jpg"
"824a26a67fe696e0409f42c29c2d0016","a4d9437ad47fb56a2ad3666f9d78d3e22d4bc6f4","Materiale\C:\Users\stefa\Desktop\Materiale\report-video-copia-slave\video-copia-slave-bookmark5-5-279.jpg"
"62eeab1774bd5a5c4d667d87e134df45","06fd0447b34f14a11170b95d5f177441671ea776","Materiale\C:\Users\stefa\Desktop\Materiale\report-video-copia-slave\video-copia-slave-bookmark5-5-323.jpg"
"a875efcca33be480ff24b87644553141","e366e1f7bfe713870dea464ec462dd02610e1495","Materiale\C:\Users\stefa\Desktop\Materiale\report-video-copia-slave\video-copia-slave-bookmark5-5-398.jpg"
"ad82bb4b8859673c8b7767cc8137065b","19af6e713026c077c607c88c893d8a2ddb4f4f73","Materiale\C:\Users\stefa\Desktop\Materiale\report-video-copia-slave\video-copia-slave-bookmark5-5-447.jpg"
"c33b671782ef39a9581821bf47ba324e","c3d6fa410061d1d7996051f5acbfa5de1327214a","Materiale\C:\Users\stefa\Desktop\Materiale\report-video-copia-slave\video-copia-slave-bookmark5-5-498.jpg"
"91e808baec18f44ecf5a680a792f84fb","dcc35c4108b0ba18f4274c0258dd8b87087804e8","Materiale\C:\Users\stefa\Desktop\Materiale\report-video-copia-slave\video-copia-slave-bookmark5-5-600.jpg"
"919d7d052ec39ad18e44eac4b0d7f6e4","203bb9e4a6f8a218a1a7afc7a138a00d6bc551ba","Materiale\C:\Users\stefa\Desktop\Materiale\report-video-copia-slave\video-copia-slave-bookmark5-5-628.jpg"
"b096a87005c203d4653f8a3dbd2cd137","a46897fd4b3c52b2aabfeafe4db1023f29e346fe","Materiale\C:\Users\stefa\Desktop\Materiale\report-video-copia-slave\video-copia-slave-bookmark5-5-660.jpg"
"5589b9ee906bc41e117fdd22c7c74751","c5a5abbdaed93235c5d3ee6cb82cfa6d9fc3d96a","Materiale\C:\Users\stefa\Desktop\Materiale\report-video-copia-slave\video-copia-slave-bookmark5-5-708.jpg"
"5b54e7d6172abca8511c4c30e86470d9","06140931da63523462f976d223723d8975e9c8ef","Materiale\C:\Users\stefa\Desktop\Materiale\report-video-copia-slave\video-copia-slave-bookmark5-5-861.jpg"
"60ca5b8a88d17229f7eb1a2a61919e7d","a2d4d5ca5d39a1bb209b47338f79a08e8eedc416","Materiale\C:\Users\stefa\Desktop\Materiale\report-video-copia-slave\video-copia-slave-bookmark5-5-891.jpg"
"7646fbe3f73ad130ede8333fbc1ebeec","e0110df61b96bfbaaefc1077a2c623375798461a","Materiale\C:\Users\stefa\Desktop\Materiale\report-video-copia-slave\video-copia-slave-bookmark5-5-1120.jpg"
"77c2b3f67c9813f9fdedf8368cb7c9c7","c6e70ab1e404ea39fcddca213b3f478704c58a9b","Materiale\C:\Users\stefa\Desktop\Materiale\report-video-copia-slave\video-copia-slave-bookmark5-5-1219.jpg"
"5ea5a7adfb1e908a5211f117ec2138a9","d1c4a4f92ffe2a3ad0766187a492b27ed074c92b","Materiale\C:\Users\stefa\Desktop\Materiale\report-video-copia-slave\video-copia-slave-bookmark5-5-1289.jpg"
"d83fc929b7d5b4aac0e1f7901b99d4cd","8dd4380decfba1b51d92454e92a6cc45e378e380","Materiale\C:\Users\stefa\Desktop\Materiale\report-video-copia-slave\video-copia-slave-bookmark5-5-1317.jpg"
"418e34e42e1fd66e4e363ce207b2b95b","c0ffe2dc2743546d0de3e23c5a8c6ef4a3c60e16","Materiale\C:\Users\stefa\Desktop\Materiale\report-video-copia-slave\video-copia-slave-bookmark5-5-1406.jpg"
"c9775808407c007123ec3364ec8a5cd2","ee2ee08b682b4b7ea162ec2bb4638ef855f0d5a5","Materiale\C:\Users\stefa\Desktop\Materiale\report-video-copia-slave\video-copia-slave-bookmark5-5-1562.jpg"
"03fbc8c30922d7699ebc55cc7ebf3274","562dea81f867876627d12d717d5de5f4975c9c5e","Materiale\C:\Users\stefa\Desktop\Materiale\report-video-copia-slave\video-copia-slave-bookmark5-5-1588.jpg"
"e2bd1dcae4c9d505aba31839d8f9aa99","6a9c9ea69b4a2cd2f680cc9469c030b1fa0e365a","Materiale\C:\Users\stefa\Desktop\Materiale\report-video-copia-slave\video-copia-slave-bookmark13-34-428.jpg"
"ed0ae7886cc506c3b34077530da19918","7c3e7bf9f4983158f7bb0970e7978bde15f744ac","Materiale\C:\Users\stefa\Desktop\Materiale\report-video-copia-slave\video-copia-slave-bookmark9-54-838.jpg"
"c3b7a9b3cc5ce965abeefc344a261917","c2e54cb725de0387eccd44d73608f116ba25fa22","Materiale\C:\Users\stefa\Desktop\Materiale\report-video-copia-slave\video-copia-slave-bookmark15-19-1045.jpg"
"a48a1594e063ebad8a4b57e8f89b5281","799d621f4b904549352e72dee66c0a97c9bb2c85","Materiale\C:\Users\stefa\Desktop\Materiale\report-video-copia-slave\video-copia-slave.html"










